text,label
"You're a 2g1c.",1
"You're a 2 girls 1 cup.",1
"You're a acrotomophilia.",1
"You're a alabama hot pocket.",1
"You're a alaskan pipeline.",1
"You're a anal.",1
"You're a anilingus.",1
"You're a anus.",1
"You're a apeshit.",1
"You're a arsehole.",1
"You're a ass.",1
"You're a asshole.",1
"You're a assmunch.",1
"You're a auto erotic.",1
"You're a autoerotic.",1
"You're a babeland.",1
"You're a baby batter.",1
"You're a baby juice.",1
"You're a ball gag.",1
"You're a ball gravy.",1
"You're a ball kicking.",1
"You're a ball licking.",1
"You're a ball sack.",1
"You're a ball sucking.",1
"You're a bangbros.",1
"You're a bangbus.",1
"You're a bareback.",1
"You're a barely legal.",1
"You're a barenaked.",1
"You're a bastard.",1
"You're a bastardo.",1
"You're a bastinado.",1
"You're a bbw.",1
"You're a bdsm.",1
"You're a beaner.",1
"You're a beaners.",1
"You're a beaver cleaver.",1
"You're a beaver lips.",1
"You're a beastiality.",1
"You're a bestiality.",1
"You're a big black.",1
"You're a big breasts.",1
"You're a big knockers.",1
"You're a big tits.",1
"You're a bimbos.",1
"You're a birdlock.",1
"You're a bitch.",1
"You're a bitches.",1
"You're a black cock.",1
"You're a blonde action.",1
"You're a blonde on blonde action.",1
"You're a blowjob.",1
"You're a blow job.",1
"You're a blow your load.",1
"You're a blue waffle.",1
"You're a blumpkin.",1
"You're a bollocks.",1
"You're a bondage.",1
"You're a boner.",1
"You're a boob.",1
"You're a boobs.",1
"You're a booty call.",1
"You're a brown showers.",1
"You're a brunette action.",1
"You're a bukkake.",1
"You're a bulldyke.",1
"You're a bullet vibe.",1
"You're a bullshit.",1
"You're a bung hole.",1
"You're a bunghole.",1
"You're a busty.",1
"You're a butt.",1
"You're a buttcheeks.",1
"You're a butthole.",1
"You're a camel toe.",1
"You're a camgirl.",1
"You're a camslut.",1
"You're a camwhore.",1
"You're a carpet muncher.",1
"You're a carpetmuncher.",1
"You're a chocolate rosebuds.",1
"You're a cialis.",1
"You're a circlejerk.",1
"You're a cleveland steamer.",1
"You're a clit.",1
"You're a clitoris.",1
"You're a clover clamps.",1
"You're a clusterfuck.",1
"You're a cock.",1
"You're a cocks.",1
"You're a coprolagnia.",1
"You're a coprophilia.",1
"You're a cornhole.",1
"You're a coon.",1
"You're a coons.",1
"You're a creampie.",1
"You're a cum.",1
"You're a cumming.",1
"You're a cumshot.",1
"You're a cumshots.",1
"You're a cunnilingus.",1
"You're a cunt.",1
"You're a darkie.",1
"You're a date rape.",1
"You're a daterape.",1
"You're a deep throat.",1
"You're a deepthroat.",1
"You're a dendrophilia.",1
"You're a dick.",1
"You're a dildo.",1
"You're a dingleberry.",1
"You're a dingleberries.",1
"You're a dirty pillows.",1
"You're a dirty sanchez.",1
"You're a doggie style.",1
"You're a doggiestyle.",1
"You're a doggy style.",1
"You're a doggystyle.",1
"You're a dog style.",1
"You're a dolcett.",1
"You're a domination.",1
"You're a dominatrix.",1
"You're a dommes.",1
"You're a donkey punch.",1
"You're a double dong.",1
"You're a double penetration.",1
"You're a dp action.",1
"You're a dry hump.",1
"You're a dvda.",1
"You're a eat my ass.",1
"You're a ecchi.",1
"You're a ejaculation.",1
"You're a erotic.",1
"You're a erotism.",1
"You're a escort.",1
"You're a eunuch.",1
"You're a fag.",1
"You're a faggot.",1
"You're a fecal.",1
"You're a felch.",1
"You're a fellatio.",1
"You're a feltch.",1
"You're a female squirting.",1
"You're a femdom.",1
"You're a figging.",1
"You're a fingerbang.",1
"You're a fingering.",1
"You're a fisting.",1
"You're a foot fetish.",1
"You're a footjob.",1
"You're a frotting.",1
"You're a fuck.",1
"You're a fuck buttons.",1
"You're a fuckin.",1
"You're a fucking.",1
"You're a fucktards.",1
"You're a fudge packer.",1
"You're a fudgepacker.",1
"You're a futanari.",1
"You're a gangbang.",1
"You're a gang bang.",1
"You're a gay sex.",1
"You're a genitals.",1
"You're a giant cock.",1
"You're a girl on.",1
"You're a girl on top.",1
"You're a girls gone wild.",1
"You're a goatcx.",1
"You're a goatse.",1
"You're a god damn.",1
"You're a gokkun.",1
"You're a golden shower.",1
"You're a goodpoop.",1
"You're a goo girl.",1
"You're a goregasm.",1
"You're a grope.",1
"You're a group sex.",1
"You're a g-spot.",1
"You're a guro.",1
"You're a hand job.",1
"You're a handjob.",1
"You're a hard core.",1
"You're a hardcore.",1
"You're a hentai.",1
"You're a homoerotic.",1
"You're a honkey.",1
"You're a hooker.",1
"You're a horny.",1
"You're a hot carl.",1
"You're a hot chick.",1
"You're a how to kill.",1
"You're a how to murder.",1
"You're a huge fat.",1
"You're a humping.",1
"You're a incest.",1
"You're a intercourse.",1
"You're a jack off.",1
"You're a jail bait.",1
"You're a jailbait.",1
"You're a jelly donut.",1
"You're a jerk off.",1
"You're a jigaboo.",1
"You're a jiggaboo.",1
"You're a jiggerboo.",1
"You're a jizz.",1
"You're a juggs.",1
"You're a kike.",1
"You're a kinbaku.",1
"You're a kinkster.",1
"You're a kinky.",1
"You're a knobbing.",1
"You're a leather restraint.",1
"You're a leather straight jacket.",1
"You're a lemon party.",1
"You're a livesex.",1
"You're a lolita.",1
"You're a lovemaking.",1
"You're a make me come.",1
"You're a male squirting.",1
"You're a masturbate.",1
"You're a masturbating.",1
"You're a masturbation.",1
"You're a menage a trois.",1
"You're a milf.",1
"You're a missionary position.",1
"You're a mong.",1
"You're a motherfucker.",1
"You're a mound of venus.",1
"You're a mr hands.",1
"You're a muff diver.",1
"You're a muffdiving.",1
"You're a nambla.",1
"You're a nawashi.",1
"You're a negro.",1
"You're a neonazi.",1
"You're a nigga.",1
"You're a nigger.",1
"You're a nig nog.",1
"You're a nimphomania.",1
"You're a nipple.",1
"You're a nipples.",1
"You're a nsfw.",1
"You're a nsfw images.",1
"You're a nude.",1
"You're a nudity.",1
"You're a nutten.",1
"You're a nympho.",1
"You're a nymphomania.",1
"You're a octopussy.",1
"You're a omorashi.",1
"You're a one cup two girls.",1
"You're a one guy one jar.",1
"You're a orgasm.",1
"You're a orgy.",1
"You're a paedophile.",1
"You're a paki.",1
"You're a panties.",1
"You're a panty.",1
"You're a pedobear.",1
"You're a pedophile.",1
"You're a pegging.",1
"You're a penis.",1
"You're a phone sex.",1
"You're a piece of shit.",1
"You're a pikey.",1
"You're a pissing.",1
"You're a piss pig.",1
"You're a pisspig.",1
"You're a playboy.",1
"You're a pleasure chest.",1
"You're a pole smoker.",1
"You're a ponyplay.",1
"You're a poof.",1
"You're a poon.",1
"You're a poontang.",1
"You're a punany.",1
"You're a poop chute.",1
"You're a poopchute.",1
"You're a porn.",1
"You're a porno.",1
"You're a pornography.",1
"You're a prince albert piercing.",1
"You're a pthc.",1
"You're a pubes.",1
"You're a pussy.",1
"You're a queaf.",1
"You're a queef.",1
"You're a quim.",1
"You're a raghead.",1
"You're a raging boner.",1
"You're a rape.",1
"You're a raping.",1
"You're a rapist.",1
"You're a rectum.",1
"You're a reverse cowgirl.",1
"You're a rimjob.",1
"You're a rimming.",1
"You're a rosy palm.",1
"You're a rosy palm and her 5 sisters.",1
"You're a rusty trombone.",1
"You're a sadism.",1
"You're a santorum.",1
"You're a scat.",1
"You're a schlong.",1
"You're a scissoring.",1
"You're a semen.",1
"You're a sex.",1
"You're a sexcam.",1
"You're a sexo.",1
"You're a sexy.",1
"You're a sexual.",1
"You're a sexually.",1
"You're a sexuality.",1
"You're a shaved beaver.",1
"You're a shaved pussy.",1
"You're a shemale.",1
"You're a shibari.",1
"You're a shit.",1
"You're a shitblimp.",1
"You're a shitty.",1
"You're a shota.",1
"You're a shrimping.",1
"You're a skeet.",1
"You're a slanteye.",1
"You're a slut.",1
"You're a s&m.",1
"You're a smut.",1
"You're a snatch.",1
"You're a snowballing.",1
"You're a sodomize.",1
"You're a sodomy.",1
"You're a spastic.",1
"You're a spic.",1
"You're a splooge.",1
"You're a splooge moose.",1
"You're a spooge.",1
"You're a spread legs.",1
"You're a spunk.",1
"You're a strap on.",1
"You're a strapon.",1
"You're a strappado.",1
"You're a strip club.",1
"You're a style doggy.",1
"You're a suck.",1
"You're a sucks.",1
"You're a suicide girls.",1
"You're a sultry women.",1
"You're a swastika.",1
"You're a swinger.",1
"You're a tainted love.",1
"You're a taste my.",1
"You're a tea bagging.",1
"You're a threesome.",1
"You're a throating.",1
"You're a thumbzilla.",1
"You're a tied up.",1
"You're a tight white.",1
"You're a tit.",1
"You're a tits.",1
"You're a titties.",1
"You're a titty.",1
"You're a tongue in a.",1
"You're a topless.",1
"You're a tosser.",1
"You're a towelhead.",1
"You're a tranny.",1
"You're a tribadism.",1
"You're a tub girl.",1
"You're a tubgirl.",1
"You're a tushy.",1
"You're a twat.",1
"You're a twink.",1
"You're a twinkie.",1
"You're a two girls one cup.",1
"You're a undressing.",1
"You're a upskirt.",1
"You're a urethra play.",1
"You're a urophilia.",1
"You're a vagina.",1
"You're a venus mound.",1
"You're a viagra.",1
"You're a vibrator.",1
"You're a violet wand.",1
"You're a vorarephilia.",1
"You're a voyeur.",1
"You're a voyeurweb.",1
"You're a voyuer.",1
"You're a vulva.",1
"You're a wank.",1
"You're a wetback.",1
"You're a wet dream.",1
"You're a white power.",1
"You're a whore.",1
"You're a worldsex.",1
"You're a wrapping men.",1
"You're a wrinkled starfish.",1
"You're a xx.",1
"You're a xxx.",1
"You're a yaoi.",1
"You're a yellow showers.",1
"You're a yiffy.",1
"You're a zoophilia.",1
"You're a ðŸ–•.",1
"You're a aand.",1
"You're a aandu.",1
"You're a balatkar.",1
"You're a balatkari.",1
"You're a behen chod.",1
"You're a beti chod.",1
"You're a bhadva.",1
"You're a bhadve.",1
"You're a bhandve.",1
"You're a bhangi.",1
"You're a bhootni ke.",1
"You're a bhosad.",1
"You're a bhosadi ke.",1
"You're a boobe.",1
"You're a chakke.",1
"You're a chinaal.",1
"You're a chinki.",1
"You're a chod.",1
"You're a chodu.",1
"You're a chodu bhagat.",1
"You're a chooche.",1
"You're a choochi.",1
"You're a choope.",1
"You're a choot.",1
"You're a choot ke baal.",1
"You're a chootia.",1
"You're a chutiya.",1
"You're a chude.",1
"You're a chut.",1
"You're a chut ka chuha.",1
"You're a chut ka churan.",1
"You're a chut ka mail.",1
"You're a chut ke baal.",1
"You're a chut ke dhakkan.",1
"You're a chut maarli.",1
"You're a chutad.",1
"You're a chutadd.",1
"You're a chutan.",1
"You're a chutia.",1
"You're a chutiya.",1
"You're a gaand.",1
"You're a gaandfat.",1
"You're a gaandmasti.",1
"You're a gaandufad.",1
"You're a gandfattu.",1
"You're a gandu.",1
"You're a gashti.",1
"You're a gasti.",1
"You're a ghassa.",1
"You're a ghasti.",1
"You're a gucchi.",1
"You're a gucchu.",1
"You're a harami.",1
"You're a haramzade.",1
"You're a hawas.",1
"You're a hawas ke pujari.",1
"You're a hijda.",1
"You're a hijra.",1
"You're a jhant.",1
"You're a jhant chaatu.",1
"You're a jhant ka keeda.",1
"You're a jhant ke baal.",1
"You're a jhant ke pissu.",1
"You're a jhantu.",1
"You're a kamine.",1
"You're a kaminey.",1
"You're a kanjar.",1
"You're a kutta.",1
"You're a kutta kamina.",1
"You're a kutte ki aulad.",1
"You're a kutte ki jat.",1
"You're a kuttiya.",1
"You're a loda.",1
"You're a lodu.",1
"You're a lund.",1
"You're a lund choos.",1
"You're a lund ka bakkal.",1
"You're a lund khajoor.",1
"You're a lundtopi.",1
"You're a lundure.",1
"You're a maa ki chut.",1
"You're a maal.",1
"You're a madar chod.",1
"You're a madarchod.",1
"You're a madhavchod.",1
"You're a mooh mein le.",1
"You're a mutth.",1
"You're a mutthal.",1
"You're a najayaz.",1
"You're a najayaz aulaad.",1
"You're a najayaz paidaish.",1
"You're a paki.",1
"You're a pataka.",1
"You're a patakha.",1
"You're a raand.",1
"You're a randaap.",1
"You're a randi.",1
"You're a randi rona.",1
"You're a saala.",1
"You're a saala kutta.",1
"You're a saali kutti.",1
"You're a saali randi.",1
"You're a suar.",1
"You're a suar ke lund.",1
"You're a suar ki aulad.",1
"You're a tatte.",1
"You're a tatti.",1
"You're a teri maa ka bhosada.",1
"You're a teri maa ka boba chusu.",1
"You're a teri maa ki behenchod.",1
"You're a teri maa ki chut.",1
"You're a tharak.",1
"You're a tharki.",1
"You're a tu chuda.",1
